stride,avg_time_ns,min_time_ns,max_time_ns,avg_cycles,min_cycles,max_cycles
1,325386,301524,372820,849226,787068,972110
2,238766,209233,260835,623073,546042,680268
5,226214,186800,257932,590258,487506,672922
16,191714,185465,220471,500189,484024,575336
50,109510,78465,131357,285528,204604,342214
gen,1.0766e+06,1.05804e+06,1.10515e+06,2810572,2762448,2884512
