stride,avg_time_ns,min_time_ns,max_time_ns,avg_cycles,min_cycles,max_cycles
1,220006,186352,263374,574091,486332,686868
2,250512,247356,258638,653640,645408,674798
5,228600,185059,249518,596522,482892,651072
16,190252,186468,199746,496473,486616,521232
50,108197,103596,113849,282164,270192,296788
gen,1.05341e+06,1.02905e+06,1.10761e+06,2750039,2685830,2891566
